"makhachhang","ho","ten","ngaysinh","diachi","gioitinh"
1,"Nguyen","Van Binh","1990-01-01","123 Tran Huong Dao, Hoa binh","Male    "
4,"Pham","Thi Thuy","1988-03-15","987 CMTT, TP.HCM","Female  "
7,"Bui","Van Nam","1983-08-30","147 Bach Dang, TP.HCM","Male    "
8,"Pham","Van Kien","1990-10-20","369 Truong Sa, Ha Noi","Male    "
9,"Tran","Dinh Dung","1980-02-14","753 Dien Bien Phu, Thanh Hoa","Male    "
2,"Nguyen","Thi Linh","1985-05-12","456 Le Loi, Ninh Binh","Female  "
6,"Vu","Thi Ngoc","1999-11-11","321 Pham Ngu Lao, Ha Noi","Female  "
10,"Pham","Thanh Van","1990-02-03","712 Nguyen Hue, Hoa Binh","Female  "
3,"Nguyen","Minh Nam","1992-07-23","789 Nguyen Hue, TP.HCM","Male    "
5,"Le","Van Duc","1975-12-25","654 Vo Van Tan, TP.HCM","Male    "
